1;Consumer Electric;"[""Electronic"",""Accessories and Parts""]";consumer-electric;comsumer-electric.jpg;icon-laundry;0;2020-07-14;2020-07-14
2;Clothing and Apparel;"[""Mens"",""Womens"",""Kids""]";clothing-apparel;clothing-apparel.jpg;icon-shirt;0;2020-07-14;2020-07-14
3;Home, Garden and Kitchen;"[""Home"",""Garden"",""Kitchen""]";home-kitchen;home-kitchen.jpg;icon-lampshade;0;2020-07-14;2020-07-14
4;Health and Beauty;"[""Health"",""Beauty""]";health-beauty;health-beauty.jpg;icon-heart-pulse;0;2020-07-14;2020-07-14
5;Jewelry and Watches;"[""Jewelry"",""Watches""]";jewelry-watches;jewelry-watches.jpg;icon-diamond2;0;2020-07-14;2020-07-14
6;Computer and Technology;"[""Computer"",""Technology""]";computer-technology;computer-technology.jpg;icon-desktop;0;2020-07-14;2020-07-14
